,start,end,length_base_unit,sequence,num_base_units,log10_prob_slippage_ecoli,sequence_number
19,416,424,2.0,TGTGTGTG,4.0,-4.497,0
21,897,904,2.0,ACACACA,3.5,-4.528499999999999,0
22,24,33,3.0,GGAGGAGGA,3.0,-4.56,0
16,227,233,2.0,AAAAAA,3.0,-4.56,0
17,232,238,2.0,ACACAC,3.0,-4.56,0
18,323,329,2.0,TGTGTG,3.0,-4.56,0
20,509,515,2.0,CTCTCT,3.0,-4.56,0
3,227,233,1.0,AAAAAA,6.0,-8.526,0
2,165,170,1.0,GGGGG,5.0,-9.255,0
11,1015,1020,1.0,CCCCC,5.0,-9.255,0
12,1080,1085,1.0,CCCCC,5.0,-9.255,0
14,1200,1205,1.0,AAAAA,5.0,-9.255,0
15,1266,1271,1.0,AAAAA,5.0,-9.255,0
0,8,12,1.0,AAAA,4.0,-9.984,0
1,121,125,1.0,CCCC,4.0,-9.984,0
4,301,305,1.0,GGGG,4.0,-9.984,0
5,328,332,1.0,GGGG,4.0,-9.984,0
6,346,350,1.0,GGGG,4.0,-9.984,0
7,412,416,1.0,CCCC,4.0,-9.984,0
8,536,540,1.0,CCCC,4.0,-9.984,0
9,635,639,1.0,CCCC,4.0,-9.984,0
10,762,766,1.0,AAAA,4.0,-9.984,0
13,1182,1186,1.0,AAAA,4.0,-9.984,0
14,499,506,2,CTCTCTC,3.5,-4.528499999999999,1
10,162,168,2,CCCCCC,3.0,-4.56,1
11,298,304,2,GCGCGC,3.0,-4.56,1
12,345,351,2,GCGCGC,3.0,-4.56,1
13,423,429,2,CGCGCG,3.0,-4.56,1
3,162,168,1,CCCCCC,6.0,-8.526,1
0,0,4,1,GGGG,4.0,-9.984,1
1,6,10,1,GGGG,4.0,-9.984,1
2,17,21,1,TTTT,4.0,-9.984,1
4,187,191,1,CCCC,4.0,-9.984,1
5,370,374,1,GGGG,4.0,-9.984,1
6,387,391,1,GGGG,4.0,-9.984,1
7,394,398,1,GGGG,4.0,-9.984,1
8,505,509,1,CCCC,4.0,-9.984,1
9,555,559,1,TTTT,4.0,-9.984,1
218,2347,2357,2,GAGAGAGAGA,5.0,-4.433999999999999,2
276,7305,7318,3,GAGGAGGAGGAGG,4.333333333333333,-4.476,2
209,1163,1171,2,GAGAGAGA,4.0,-4.497,2
227,3441,3449,2,GCGCGCGC,4.0,-4.497,2
239,5637,5645,2,TGTGTGTG,4.0,-4.497,2
243,7467,7475,2,CACACACA,4.0,-4.497,2
246,7650,7658,2,GAGAGAGA,4.0,-4.497,2
255,8890,8898,2,TTTTTTTT,4.0,-4.497,2
257,9133,9141,2,CGCGCGCG,4.0,-4.497,2
272,2333,2344,3,AGAAGAAGAAG,3.6666666666666665,-4.518,2
200,95,102,2,TGTGTGT,3.5,-4.528499999999999,2
203,837,844,2,TCTCTCT,3.5,-4.528499999999999,2
205,936,943,2,GTGTGTG,3.5,-4.528499999999999,2
207,1061,1068,2,CTCTCTC,3.5,-4.528499999999999,2
215,1654,1661,2,AGAGAGA,3.5,-4.528499999999999,2
235,5141,5148,2,CTCTCTC,3.5,-4.528499999999999,2
241,6118,6125,2,ACACACA,3.5,-4.528499999999999,2
247,7734,7741,2,TCTCTCT,3.5,-4.528499999999999,2
249,7833,7840,2,GTGTGTG,3.5,-4.528499999999999,2
254,8654,8661,2,TGTGTGT,3.5,-4.528499999999999,2
258,9671,9678,2,TTTTTTT,3.5,-4.528499999999999,2
265,10714,10721,2,TTTTTTT,3.5,-4.528499999999999,2
266,10747,10754,2,AAAAAAA,3.5,-4.528499999999999,2
267,10906,10913,2,TATATAT,3.5,-4.528499999999999,2
270,1545,1555,3,GGAGGAGGAG,3.3333333333333335,-4.539,2
271,1781,1791,3,GCAGCAGCAG,3.3333333333333335,-4.539,2
273,4298,4307,3,AGAAGAAGA,3.0,-4.56,2
274,4393,4402,3,GGCGGCGGC,3.0,-4.56,2
275,5245,5254,3,GGAGGAGGA,3.0,-4.56,2
201,298,304,2,ATATAT,3.0,-4.56,2
202,806,812,2,TATATA,3.0,-4.56,2
204,870,876,2,CTCTCT,3.0,-4.56,2
206,952,958,2,TGTGTG,3.0,-4.56,2
208,1091,1097,2,GCGCGC,3.0,-4.56,2
210,1221,1227,2,AAAAAA,3.0,-4.56,2
211,1250,1256,2,AAAAAA,3.0,-4.56,2
212,1404,1410,2,TATATA,3.0,-4.56,2
213,1430,1436,2,TGTGTG,3.0,-4.56,2
214,1582,1588,2,TATATA,3.0,-4.56,2
216,1660,1666,2,AAAAAA,3.0,-4.56,2
217,2175,2181,2,TATATA,3.0,-4.56,2
219,2452,2458,2,GGGGGG,3.0,-4.56,2
220,2461,2467,2,GGGGGG,3.0,-4.56,2
221,2657,2663,2,CCCCCC,3.0,-4.56,2
222,2841,2847,2,AGAGAG,3.0,-4.56,2
223,2924,2930,2,TATATA,3.0,-4.56,2
224,3091,3097,2,GAGAGA,3.0,-4.56,2
225,3151,3157,2,GGGGGG,3.0,-4.56,2
226,3238,3244,2,GGGGGG,3.0,-4.56,2
228,3708,3714,2,GTGTGT,3.0,-4.56,2
229,3723,3729,2,TTTTTT,3.0,-4.56,2
230,3820,3826,2,TTTTTT,3.0,-4.56,2
231,4804,4810,2,CCCCCC,3.0,-4.56,2
232,4940,4946,2,GCGCGC,3.0,-4.56,2
233,4987,4993,2,GCGCGC,3.0,-4.56,2
234,5065,5071,2,CGCGCG,3.0,-4.56,2
236,5448,5454,2,AAAAAA,3.0,-4.56,2
237,5453,5459,2,ACACAC,3.0,-4.56,2
238,5544,5550,2,TGTGTG,3.0,-4.56,2
240,5730,5736,2,CTCTCT,3.0,-4.56,2
242,7403,7409,2,GGGGGG,3.0,-4.56,2
244,7501,7507,2,ACACAC,3.0,-4.56,2
245,7597,7603,2,GAGAGA,3.0,-4.56,2
248,7767,7773,2,CTCTCT,3.0,-4.56,2
250,7849,7855,2,TGTGTG,3.0,-4.56,2
251,8085,8091,2,GGGGGG,3.0,-4.56,2
252,8416,8422,2,AAAAAA,3.0,-4.56,2
253,8604,8610,2,AAAAAA,3.0,-4.56,2
256,8958,8964,2,TTTTTT,3.0,-4.56,2
259,9787,9793,2,TGTGTG,3.0,-4.56,2
260,9816,9822,2,CACACA,3.0,-4.56,2
261,9959,9965,2,CGCGCG,3.0,-4.56,2
262,10189,10195,2,CCCCCC,3.0,-4.56,2
263,10424,10430,2,TGTGTG,3.0,-4.56,2
264,10436,10442,2,CCCCCC,3.0,-4.56,2
268,11345,11351,2,AAAAAA,3.0,-4.56,2
269,11752,11758,2,AAAAAA,3.0,-4.56,2
150,8890,8898,1,TTTTTTTT,8.0,-7.0680000000000005,2
159,9671,9678,1,TTTTTTT,7.0,-7.797000000000001,2
172,10714,10721,1,TTTTTTT,7.0,-7.797000000000001,2
173,10747,10754,1,AAAAAAA,7.0,-7.797000000000001,2
20,1221,1227,1,AAAAAA,6.0,-8.526,2
22,1250,1256,1,AAAAAA,6.0,-8.526,2
28,1660,1666,1,AAAAAA,6.0,-8.526,2
42,2452,2458,1,GGGGGG,6.0,-8.526,2
43,2461,2467,1,GGGGGG,6.0,-8.526,2
50,2657,2663,1,CCCCCC,6.0,-8.526,2
58,3151,3157,1,GGGGGG,6.0,-8.526,2
60,3238,3244,1,GGGGGG,6.0,-8.526,2
71,3723,3729,1,TTTTTT,6.0,-8.526,2
75,3820,3826,1,TTTTTT,6.0,-8.526,2
83,4804,4810,1,CCCCCC,6.0,-8.526,2
93,5448,5454,1,AAAAAA,6.0,-8.526,2
120,7403,7409,1,GGGGGG,6.0,-8.526,2
126,8085,8091,1,GGGGGG,6.0,-8.526,2
137,8416,8422,1,AAAAAA,6.0,-8.526,2
141,8604,8610,1,AAAAAA,6.0,-8.526,2
151,8958,8964,1,TTTTTT,6.0,-8.526,2
167,10189,10195,1,CCCCCC,6.0,-8.526,2
170,10436,10442,1,CCCCCC,6.0,-8.526,2
